<?xml version="1.0" encoding="utf-8"?>
<feed xmlns="http://www.w3.org/2005/Atom">
  <title>道法项目-暂存站</title>
  
  
  <link href="http://example.com/atom.xml" rel="self"/>
  
  <link href="http://example.com/"/>
  <updated>2024-09-21T05:24:08.378Z</updated>
  <id>http://example.com/</id>
  
  <generator uri="https://hexo.io/">Hexo</generator>
  
  <entry>
    <title>临时成果</title>
    <link href="http://example.com/2024/09/20/%E4%B8%B4%E6%97%B6%E6%88%90%E6%9E%9C/"/>
    <id>http://example.com/2024/09/20/%E4%B8%B4%E6%97%B6%E6%88%90%E6%9E%9C/</id>
    <published>2024-09-20T13:14:48.000Z</published>
    <updated>2024-09-21T05:24:08.378Z</updated>
    
    <content type="html"><![CDATA[<h2 id="项目分工"><a href="#项目分工" class="headerlink" title="项目分工"></a>项目分工</h2><ul><li>组长：施奕俊</li><li>网站项目：施奕俊、姚靖昊</li><li>实地考察：未定</li><li>PPT制作：未定</li></ul><h2 id="相关内容"><a href="#相关内容" class="headerlink" title="相关内容"></a>相关内容</h2><p><a href="https://class8-project-32.github.io/2024/09/20/%E5%85%B3%E4%BA%8E%E6%AD%A4%E7%BD%91%E7%AB%99/">【这个网站是干什么用的】</a></p><p>本项目基于<a href="https://hexo.io/zh-cn/">Hexo框架</a>，使用Markdown语法编写，使用Git进行版本控制。</p>]]></content>
    
    
      
      
    <summary type="html">&lt;h2 id=&quot;项目分工&quot;&gt;&lt;a href=&quot;#项目分工&quot; class=&quot;headerlink&quot; title=&quot;项目分工&quot;&gt;&lt;/a&gt;项目分工&lt;/h2&gt;&lt;ul&gt;
&lt;li&gt;组长：施奕俊&lt;/li&gt;
&lt;li&gt;网站项目：施奕俊、姚靖昊&lt;/li&gt;
&lt;li&gt;实地考察：未定&lt;/li&gt;
&lt;li&gt;P</summary>
      
    
    
    
    
  </entry>
  
  <entry>
    <title>关于此网站</title>
    <link href="http://example.com/2024/09/20/%E5%85%B3%E4%BA%8E%E6%AD%A4%E7%BD%91%E7%AB%99/"/>
    <id>http://example.com/2024/09/20/%E5%85%B3%E4%BA%8E%E6%AD%A4%E7%BD%91%E7%AB%99/</id>
    <published>2024-09-20T10:32:41.000Z</published>
    <updated>2024-09-20T10:50:06.243Z</updated>
    
    <content type="html"><![CDATA[<h2 id="这个网站是用来干什么的"><a href="#这个网站是用来干什么的" class="headerlink" title="这个网站是用来干什么的"></a>这个网站是用来干什么的</h2><p>本站基于Hexo + 默认landscape主题搭建，主要用于存放道法的更新内容，网站托管于Github，使用Github Pages服务。</p><h2 id="如何使用（仅供组内成员修改）"><a href="#如何使用（仅供组内成员修改）" class="headerlink" title="如何使用（仅供组内成员修改）"></a>如何使用（仅供组内成员修改）</h2><ol><li>在本地装载NodeJS环境，Hexo，及Git。</li><li>在本地克隆仓库，使用<code>hexo new</code>命令新建文章，使用<code>hexo g</code>命令生成静态页面，使用<code>hexo s</code>命令启动本地服务器查看效果。</li><li>使用<code>hexo d</code>命令将生成的静态页面推送到Github仓库，即可在Github Pages上查看效果。</li></ol>]]></content>
    
    
      
      
    <summary type="html">&lt;h2 id=&quot;这个网站是用来干什么的&quot;&gt;&lt;a href=&quot;#这个网站是用来干什么的&quot; class=&quot;headerlink&quot; title=&quot;这个网站是用来干什么的&quot;&gt;&lt;/a&gt;这个网站是用来干什么的&lt;/h2&gt;&lt;p&gt;本站基于Hexo + 默认landscape主题搭建，主要用于存放道</summary>
      
    
    
    
    
  </entry>
  
</feed>
