{"meta":{"title":"道法项目-暂存站","subtitle":"","description":"","author":null,"url":"http://example.com","root":"/"},"pages":[],"posts":[{"title":"临时成果","slug":"临时成果","date":"2024-09-20T13:14:48.000Z","updated":"2024-09-21T05:24:08.378Z","comments":true,"path":"2024/09/20/临时成果/","permalink":"http://example.com/2024/09/20/%E4%B8%B4%E6%97%B6%E6%88%90%E6%9E%9C/","excerpt":"","text":"项目分工 组长：施奕俊 网站项目：施奕俊、姚靖昊 实地考察：未定 PPT制作：未定 相关内容【这个网站是干什么用的】 本项目基于Hexo框架，使用Markdown语法编写，使用Git进行版本控制。","categories":[],"tags":[]},{"title":"关于此网站","slug":"关于此网站","date":"2024-09-20T10:32:41.000Z","updated":"2024-09-20T10:50:06.243Z","comments":true,"path":"2024/09/20/关于此网站/","permalink":"http://example.com/2024/09/20/%E5%85%B3%E4%BA%8E%E6%AD%A4%E7%BD%91%E7%AB%99/","excerpt":"","text":"这个网站是用来干什么的本站基于Hexo + 默认landscape主题搭建，主要用于存放道法的更新内容，网站托管于Github，使用Github Pages服务。 如何使用（仅供组内成员修改） 在本地装载NodeJS环境，Hexo，及Git。 在本地克隆仓库，使用hexo new命令新建文章，使用hexo g命令生成静态页面，使用hexo s命令启动本地服务器查看效果。 使用hexo d命令将生成的静态页面推送到Github仓库，即可在Github Pages上查看效果。","categories":[],"tags":[]}],"categories":[],"tags":[]}